Test accuracy,step,epoch,Test Quadratic Kappa
0.44690144062042236,0,0,0.7416127920150757
