Test accuracy,step,epoch,Test Quadratic Kappa
0.5271635055541992,0,0,0.788935124874115
