Test accuracy,step,Test Quadratic Kappa,epoch
0.44690144062042236,0,0.7416127920150757,0
