epoch,Test accuracy,step,Test Quadratic Kappa
0,0.44948115944862366,0,0.7422779202461243
