step,Test Quadratic Kappa,epoch,Test accuracy
0,0.7422779202461243,0,0.44948115944862366
