epoch,Test Quadratic Kappa,step,Test accuracy
0,0.8004658222198486,0,0.5438165664672852
