step,epoch,Test Quadratic Kappa,Test accuracy
0,0,0.6890488266944885,0.3901173770427704
